,OBJECTID,Shape,NAME,GRADE,TYPE,ADDRESS,CITY,ZIP,phone,WEBSITE,SCHOOL,Latitude,Longitude,school.search.name,schoolid,schoolName,url,urlCompare,lowGrade,highGrade,schoolLevel,isCharterSchool,isMagnetSchool,isVirtualSchool,isTitleISchool,isTitleISchoolwideSchool,rankMovement,locationIsWithinBoundary,isPrivate,privateDays,privateHours,privateHasLibrary,privateCoed,privateOrientation,hasBoundary,year,numberOfStudents,PercentFreeDiscLunch,PercentOfAfricanAmericanStudents,percentofAsianStudents,percentofHispanicStudents,percentofIndianStudents,percentofPacificIslanderStudents,PercentOfWhiteStudents,percentofTwoOrMoreRaceStudents,percentofUnspecifiedRaceStudents,teachersFulltime,PupilTeacherRatio,numberofAfricanAmericanStudents,numberofAsianStudents,numberofHispanicStudents,numberofIndianStudents,numberofPacificIslanderStudents,numberofWhiteStudents,numberofTwoOrMoreRaceStudents,numberofUnspecifiedRaceStudents,rankLevel,RankStatewidePercentage,averageStandardScore
1,1,"47.70994486300003, -122.29300902499995",Jane Addams,8-Jun,Middle School,11051 34th Ave. NE,Seattle,98125,(206) 252-4500,http://addamsms.seattleschools.org/,Jane Addams,47.70994486,-122.293009,Jane+Addams,5.31E+11,Jane Addams Middle School,https://www.schooldigger.com/go/WA/schools/0771003467/school.aspx,https://www.schooldigger.com/go/WA/schools/0771003467/search.aspx,6,8,Middle,No,(n/a),No,Yes,Yes,NA,NA,FALSE,NA,NA,NA,NA,NA,FALSE,2015,728,0.28,12.5,14.84,11.26,0.96,0.41,50.69,9.34,NA,36,20.2,91,108,82,7,3,369,68,NA,NA,NA,NA
2,2,"47.713430232000064, -122.31465833899995",Hazel Wolf K-8,K - 8,Option Elementary,11530 12th Ave. NE,Seattle,98125,,http://hazelwolfk8.seattleschools.org/,Pinehurst ,47.71343023,-122.3146583,Hazel+Wolf,5.31E+11,Hazel Wolf K-8,https://www.schooldigger.com/go/WA/schools/0771003271/school.aspx,https://www.schooldigger.com/go/WA/schools/0771003271/search.aspx,K,8,Elementary,No,(n/a),No,No,(n/a),194,NA,FALSE,NA,NA,NA,NA,NA,TRUE,2015,713,0.24,9.54,6.87,12.06,1.4,0.7,61.57,7.85,NA,47,15.1,68,49,86,10,5,439,56,NA,Elementary,86.89,85.16367
3,3,"47.498863322000034, -122.26317206499999",Rainier View,K - 5,Elementary,11650 Beacon Ave. S,Seattle,98178,(206) 252-6700,http://rainierviewes.seattleschools.org/,Rainier View,47.49886332,-122.2631721,Rainier+View,5.31E+11,Rainier View Elementary School,https://www.schooldigger.com/go/WA/schools/0771003361/school.aspx,https://www.schooldigger.com/go/WA/schools/0771003361/search.aspx,PK,5,Elementary,No,(n/a),No,Yes,Yes,-234,NA,FALSE,NA,NA,NA,NA,NA,TRUE,2015,194,0.65,35.05,27.32,16.49,1.03,1.03,7.22,11.86,NA,14,13.8,68,53,32,2,2,14,23,NA,Elementary,65.53,65.34
4,4,"47.50970036100006, -122.37758781299999",Arbor Heights,K - 5,Elementary,3701 SW 104th St.,Seattle,98146,(206)252-9250,http://arborheightses.seattleschools.org/,Arbor Heights,47.50970036,-122.3775878,Arbor+Heights,5.31E+11,Arbor Heights Elementary School,https://www.schooldigger.com/go/WA/schools/0771001135/school.aspx,https://www.schooldigger.com/go/WA/schools/0771001135/search.aspx,K,5,Elementary,No,(n/a),No,Yes,No,-86,NA,FALSE,NA,NA,NA,NA,NA,TRUE,2015,360,0.31,11.11,5.28,12.22,0.83,0.56,57.78,12.22,NA,27,13.3,40,19,44,3,2,208,44,NA,Elementary,44.92,46.41957
5,5,"47.51482046700005, -122.25863614599996",Emerson,K - 5,Elementary,9709 60th Ave. S,Seattle,98118,(206) 252-7100,http://emersones.seattleschools.org/,Emerson,47.51482047,-122.2586361,Emerson,5.31E+11,Emerson Elementary School,https://www.schooldigger.com/go/WA/schools/0771001163/school.aspx,https://www.schooldigger.com/go/WA/schools/0771001163/search.aspx,K,5,Elementary,No,(n/a),No,Yes,Yes,68,NA,FALSE,NA,NA,NA,NA,NA,TRUE,2015,277,0.61,44.04,25.27,11.91,0.36,0.72,7.22,10.47,NA,25,11,122,70,33,1,2,20,29,NA,Elementary,8.17,12.10514
6,6,"47.518052917000034, -122.37055804399995",Roxhill,K - 5,Elementary,9430 30th Ave. SW,Seattle,98126,(206) 252-9570,http://roxhilles.seattleschools.org/,Roxhill,47.51805292,-122.370558,Roxhill,5.31E+11,Roxhill Elementary School,https://www.schooldigger.com/go/WA/schools/0771001240/school.aspx,https://www.schooldigger.com/go/WA/schools/0771001240/search.aspx,PK,5,Elementary,No,(n/a),No,Yes,Yes,111,NA,FALSE,NA,NA,NA,NA,NA,TRUE,2015,372,0.71,26.34,12.63,38.98,1.08,1.08,12.63,7.26,NA,34,10.9,98,47,145,4,4,47,27,NA,Elementary,15.76,19.437
7,7,"47.52374294900005, -122.27200912199999",South Shore K-8,K - 8,Option Elementary,4800 S Henderson St,Seattle,98118,(206) 252-7600,http://southshorek8.seattleschools.org/,South Shore,47.52374295,-122.2720091,South+Shore,5.31E+11,South Shore K-8 School,https://www.schooldigger.com/go/WA/schools/0771002933/school.aspx,https://www.schooldigger.com/go/WA/schools/0771002933/search.aspx,PK,8,Elementary,No,(n/a),No,Yes,Yes,-71,NA,FALSE,NA,NA,NA,NA,NA,TRUE,2015,642,0.62,43.3,25.7,9.81,1.25,0,10.75,9.19,NA,49,13.1,278,165,63,8,0,69,59,NA,Elementary,19.75,23.88278
8,9,"47.52407076500003, -122.26585898299999",Rainier Beach,12-Sep,High School,8815 Seward Park Ave S,Seattle,98118,(206) 252-6350,http://rainierbeachhs.seattleschools.org,Rainier Beach,47.52407077,-122.265859,Rainier+Beach,5.31E+11,Rainier Beach High School,https://www.schooldigger.com/go/WA/schools/0771001236/school.aspx,https://www.schooldigger.com/go/WA/schools/0771001236/search.aspx,9,12,High,No,(n/a),No,Yes,Yes,-17,NA,FALSE,NA,NA,NA,NA,NA,TRUE,2015,598,0.72,51.67,24.92,12.88,0.84,2.68,3.01,4.01,NA,35,17,309,149,77,5,16,18,24,NA,High,10.46,17.4285
9,10,"47.523610903000076, -122.32469058399994",Concord Int'l,K - 5,Elementary,723 S Concord St.,Seattle,98108,(206) 252-8100,http://concordes.seattleschools.org/,Concord Int'l,47.5236109,-122.3246906,Concord,5.31E+11,Concord International School,https://www.schooldigger.com/go/WA/schools/0771001154/school.aspx,https://www.schooldigger.com/go/WA/schools/0771001154/search.aspx,PK,5,Elementary,No,(n/a),No,Yes,Yes,-148,NA,FALSE,NA,NA,NA,NA,NA,TRUE,2015,410,0.74,11.22,9.02,62.93,1.46,0.98,10.98,3.41,NA,36,11.3,46,37,258,6,4,45,14,NA,Elementary,8.36,12.28329
10,11,"47.52498919000004, -122.27465565499995",Dunlap,K - 5,Elementary,4525 S Cloverdale St.,Seattle,98118,(206) 252-7000,http://dunlapes.seattleschools.org/,Dunlap,47.52498919,-122.2746557,Dunlap,5.31E+11,Dunlap Elementary School,https://www.schooldigger.com/go/WA/schools/0771001161/school.aspx,https://www.schooldigger.com/go/WA/schools/0771001161/search.aspx,PK,5,Elementary,No,(n/a),No,Yes,Yes,103,NA,FALSE,NA,NA,NA,NA,NA,TRUE,2015,408,0.64,47.55,23.04,21.08,0.49,0.98,2.7,4.17,NA,30,13.6,194,94,86,2,4,11,17,NA,Elementary,22.51,26.32086
11,12,"47.525264578000076, -122.27091962699996",South Lake,12-Sep,High School,8601 Rainier Ave. S,Seattle,98118,(206) 252-6600,http://southlakehs.seattleschools.org/,South Lake,47.52526458,-122.2709196,South+Lake,5.31E+11,South Lake High School,https://www.schooldigger.com/go/WA/schools/0771001234/school.aspx,https://www.schooldigger.com/go/WA/schools/0771001234/search.aspx,9,12,High,No,(n/a),No,Yes,Yes,NA,NA,FALSE,NA,NA,NA,NA,NA,FALSE,2015,104,0.53,41.35,10.58,34.62,1.92,0,3.85,7.69,NA,9,11.5,43,11,36,2,0,4,8,NA,NA,NA,NA
12,13,"47.52517749500004, -122.34827728699997",Highland Park,K - 5,Elementary,1012 SW Trenton St.,Seattle,98106,(206) 252-8240,http://highlandparkes.seattleschools.org/,Highland Park,47.5251775,-122.3482773,Highland+Park,5.31E+11,Highland Park Elementary School,https://www.schooldigger.com/go/WA/schools/0771001183/school.aspx,https://www.schooldigger.com/go/WA/schools/0771001183/search.aspx,PK,5,Elementary,No,(n/a),No,Yes,Yes,-50,NA,FALSE,NA,NA,NA,NA,NA,TRUE,2015,367,0.75,14.99,22.62,31.88,3,1.36,13.35,12.81,NA,31,11.8,55,83,117,11,5,49,47,NA,Elementary,9.59,13.27014
13,14,"47.52915163000006, -122.28903550799998",Van Asselt,K - 5,Elementary,8311 Beacon Ave. S,Seattle,98118,(206) 252-7500,http://vanasseltes.seattleschools.org/,Van Asselt,47.52915163,-122.2890355,Van+Asselt,5.31E+11,Van Asselt Elementary School,https://www.schooldigger.com/go/WA/schools/0771001255/school.aspx,https://www.schooldigger.com/go/WA/schools/0771001255/search.aspx,K,5,Elementary,No,(n/a),No,Yes,Yes,285,NA,FALSE,NA,NA,NA,NA,NA,TRUE,2015,523,0.77,35.95,42.07,11.66,0.76,0.76,3.25,5.54,NA,38,13.7,188,220,61,4,4,17,29,NA,Elementary,43.21,45.04271
14,15,"47.528632051000045, -122.36615479899996",Chief Sealth Int'l,12-Sep,High School,2600 SW Thistle St.,Seattle,98126,(206) 252-8550,http://chiefsealthhs.seattleschools.org/,Chief Sealth Int'l,47.52863205,-122.3661548,Chief+Sealth,5.31E+11,Chief Sealth International High School,https://www.schooldigger.com/go/WA/schools/0771001149/school.aspx,https://www.schooldigger.com/go/WA/schools/0771001149/search.aspx,9,12,High,No,(n/a),No,Yes,Yes,85,NA,FALSE,NA,NA,NA,NA,NA,TRUE,2015,1221,0.58,20.97,17.85,26.21,1.64,1.72,25.96,5.65,NA,65,18.7,256,218,320,20,21,317,69,NA,High,61.44,62.43767
15,16,"47.53073934400004, -122.28490600899994",Wing Luke,K - 5,Elementary,3701 S Kenyon St.,Seattle,98118,(206) 252-7630,http://lukees.seattleschools.org/,Wing Luke,47.53073934,-122.284906,Wing+Luke,5.31E+11,Wing Luke Elementary School,https://www.schooldigger.com/go/WA/schools/0771001267/school.aspx,https://www.schooldigger.com/go/WA/schools/0771001267/search.aspx,K,5,Elementary,No,(n/a),No,Yes,Yes,-101,NA,FALSE,NA,NA,NA,NA,NA,TRUE,2015,349,0.79,41.26,39.83,6.3,0.57,1.15,2.29,8.6,NA,27,12.9,144,139,22,2,4,8,30,NA,Elementary,62.01,62.47457
16,17,"47.53165395900004, -122.36604153099995",Denny Int'l,8-Jun,Middle School,2601 SW Kenyon St.,Seattle,98126,(206) 252-9000,http://dennyms.seattleschools.org/,Denny Int'l,47.53165396,-122.3660415,Denny,5.31E+11,David T. Denny International Middle School,https://www.schooldigger.com/go/WA/schools/0771001913/school.aspx,https://www.schooldigger.com/go/WA/schools/0771001913/search.aspx,6,8,Middle,No,(n/a),No,Yes,Yes,14,NA,FALSE,NA,NA,NA,NA,NA,TRUE,2015,912,0.61,21.16,15.79,28.51,0.99,1.54,26.86,5.15,NA,51,17.8,193,144,260,9,14,245,47,NA,Middle,67.12,64.83671
17,19,"47.53960839100006, -122.35865808299997",Sanislo,K - 5,Elementary,1812 SW Myrtle St.,Seattle,98106,(206) 252-8380,http://sanisloes.seattleschools.org/,Sanislo,47.53960839,-122.3586581,Sanislo,5.31E+11,Sanislo Elementary School,https://www.schooldigger.com/go/WA/schools/0771001244/school.aspx,https://www.schooldigger.com/go/WA/schools/0771001244/search.aspx,K,5,Elementary,No,(n/a),No,Yes,Yes,53,NA,FALSE,NA,NA,NA,NA,NA,TRUE,2015,281,0.66,22.42,23.49,18.51,1.42,2.49,17.44,14.23,NA,22,12.7,63,66,52,4,7,49,40,NA,Elementary,13.58,17.325
18,20,"47.54025088700007, -122.38849821899998",Gatewood,K - 5,Elementary,4320 SW Myrtle St.,Seattle,98136,(206) 252-9400,http://gatewoodes.seattleschools.org/,Gatewood,47.54025089,-122.3884982,Gatewood,5.31E+11,Gatewood Elementary School,https://www.schooldigger.com/go/WA/schools/0771001172/school.aspx,https://www.schooldigger.com/go/WA/schools/0771001172/search.aspx,K,5,Elementary,No,(n/a),No,No,(n/a),42,NA,FALSE,NA,NA,NA,NA,NA,TRUE,2015,405,0.31,14.57,3.21,12.1,0.25,0.25,61.98,7.65,NA,31,13,59,13,49,1,1,251,31,NA,Elementary,68.76,67.858
19,22,"47.54176186800004, -122.37349268699995",West Seattle Elem,K - 5,Elementary,6760 34th Ave. SW,Seattle,98126,(206) 252-9450,http://westseattlees.seattleschools.org/,West Seattle Elem,47.54176187,-122.3734927,West+Seattle+Elem,5.31E+11,West Seattle Elementary School,https://www.schooldigger.com/go/WA/schools/0771001182/school.aspx,https://www.schooldigger.com/go/WA/schools/0771001182/search.aspx,PK,5,Elementary,No,(n/a),No,Yes,Yes,-44,NA,FALSE,NA,NA,NA,NA,NA,TRUE,2015,444,0.77,56.76,8.56,14.41,0.9,2.25,13.96,3.15,NA,36,12.3,252,38,64,4,10,62,14,NA,Elementary,42.17,43.90814
20,23,"47.545757311000045, -122.26853424899997",Graham Hill,K - 5,Elementary,5149 S Graham St.,Seattle,98118,(206) 252-7140,http://grahamhilles.seattleschools.org/,Graham Hill,47.54575731,-122.2685342,Graham+Hill,5.31E+11,Graham Hill Elementary School,https://www.schooldigger.com/go/WA/schools/0771001175/school.aspx,https://www.schooldigger.com/go/WA/schools/0771001175/search.aspx,PK,5,Elementary,No,(n/a),No,Yes,Yes,193,NA,FALSE,NA,NA,NA,NA,NA,TRUE,2015,382,0.66,34.03,23.56,14.92,0.52,0,17.8,9.16,NA,34,11.2,130,90,57,2,0,68,35,NA,Elementary,33.71,36.32771
21,24,"47.54632186200007, -122.28198038199997",Aki Kurose,8-Jun,Middle School,3928 S Graham St,Seattle,98118,(206) 252-7700,http://kurosems.seattleschools.org/,Aki Kurose,47.54632186,-122.2819804,Aki+Kurose,5.31E+11,Aki Kurose Middle School,https://www.schooldigger.com/go/WA/schools/0771001249/school.aspx,https://www.schooldigger.com/go/WA/schools/0771001249/search.aspx,6,8,Middle,No,(n/a),No,Yes,Yes,49,NA,FALSE,NA,NA,NA,NA,NA,TRUE,2015,727,0.74,34.25,39.75,14.44,0.83,1.38,4.4,4.95,NA,46,15.8,249,289,105,6,10,32,36,NA,Middle,47.85,47.14743
22,25,"47.55226236000004, -122.29628697999999",Dearborn Park Int'l,K - 5,Elementary,2820 S Orcas St.,Seattle,98108,(206) 252-6930,http://dearbornes.seattleschools.org/,Dearborn Park Int'l,47.55226236,-122.296287,Dearborn+Park,5.31E+11,Dearborn Park International School,https://www.schooldigger.com/go/WA/schools/0771001158/school.aspx,https://www.schooldigger.com/go/WA/schools/0771001158/search.aspx,K,5,Elementary,No,(n/a),No,Yes,Yes,-94,NA,FALSE,NA,NA,NA,NA,NA,TRUE,2015,369,0.78,30.35,46.61,8.4,0.81,0,6.5,7.32,NA,24,15.3,112,172,31,3,0,24,27,NA,Elementary,34.28,37.13143
23,26,"47.552372063000064, -122.31391191199998",Cleveland STEM,12-Sep,Option High School,5511 15th Ave. S,Seattle,98108,(206) 252-7800,http://clevelandhs.seattleschools.org/,Cleveland,47.55237206,-122.3139119,Cleveland,5.31E+11,Cleveland High School,https://www.schooldigger.com/go/WA/schools/0771001150/school.aspx,https://www.schooldigger.com/go/WA/schools/0771001150/search.aspx,9,12,High,No,(n/a),No,Yes,Yes,166,NA,FALSE,NA,NA,NA,NA,NA,TRUE,2015,830,0.66,34.46,44.7,9.88,0.36,1.45,5.66,3.49,NA,46,18,286,371,82,3,12,47,29,NA,High,66.01,65.82967
24,27,"47.552573202000076, -122.38019123299995",Fairmount Park,K - 5,Elementary,3800 SW Findlay St.,Seattle,98126,(206) 252-9300,http://fairmountparkes.seattleschools.org/,Fairmount Park,47.5525732,-122.3801912,Fairmount+Park,5.31E+11,Fairmount Park Elementary School,https://www.schooldigger.com/go/WA/schools/0771003497/school.aspx,https://www.schooldigger.com/go/WA/schools/0771003497/search.aspx,PK,5,Elementary,No,(n/a),No,No,(n/a),NA,NA,FALSE,NA,NA,NA,NA,NA,FALSE,2015,384,0.1,5.99,5.21,8.07,0.26,0,66.93,13.54,NA,21,18.2,23,20,31,1,0,257,52,NA,NA,NA,NA
25,28,"47.55812571300004, -122.31889888399996",Maple,K - 5,Elementary,4925 Corson Ave. S,Seattle,98108,(206) 252-8310,http://maplees.seattleschools.org/,Maple,47.55812571,-122.3188989,Maple,5.31E+11,Maple Elementary School,https://www.schooldigger.com/go/WA/schools/0771001209/school.aspx,https://www.schooldigger.com/go/WA/schools/0771001209/search.aspx,K,5,Elementary,No,(n/a),No,Yes,Yes,33,NA,FALSE,NA,NA,NA,NA,NA,TRUE,2015,468,0.63,10.04,50.43,20.3,0.43,0,11.11,7.69,NA,32,14.6,47,236,95,2,0,52,36,NA,Elementary,76.64,75.55543
26,31,"47.56413274400006, -122.31208319299998",Mercer Int'l,8-Jun,Middle School,1600 S Columbian Way,Seattle,98108,(206) 252-8000,http://mercerms.seattleschools.org/,Mercer Int'l,47.56413274,-122.3120832,Mercer,5.31E+11,Mercer International Middle School,https://www.schooldigger.com/go/WA/schools/0771001136/school.aspx,https://www.schooldigger.com/go/WA/schools/0771001136/search.aspx,6,8,Middle,No,(n/a),No,Yes,Yes,-19,NA,FALSE,NA,NA,NA,NA,NA,TRUE,2015,1075,0.68,23.81,43.91,17.02,0.37,0.37,9.21,5.3,NA,60,17.9,256,472,183,4,4,99,57,NA,Middle,82.31,77.89014
27,32,"47.56590518500008, -122.28338622399997",Hawthorne,K - 5,Elementary,4100 39th Ave. S,Seattle,98118,(206) 252-7210,http://hawthornees.seattleschools.org/,Hawthorne,47.56590519,-122.2833862,Hawthorne,5.31E+11,Hawthorne Elementary School - Seattle,https://www.schooldigger.com/go/WA/schools/0771002269/school.aspx,https://www.schooldigger.com/go/WA/schools/0771002269/search.aspx,PK,5,Elementary,No,(n/a),No,Yes,Yes,170,NA,FALSE,NA,NA,NA,NA,NA,TRUE,2015,364,0.62,33.24,18.96,18.96,0.27,0,18.96,9.62,NA,26,14,121,69,69,1,0,69,35,NA,Elementary,37.8,40.32957
28,33,"47.57324134800007, -122.29057986199996",John Muir,K - 5,Elementary,3301 S Horton St.,Seattle,98144,(206) 252-7400,http://muires.seattleschools.org/,John Muir,47.57324135,-122.2905799,John+Muir,5.31E+11,John Muir Elementary School,https://www.schooldigger.com/go/WA/schools/0771001221/school.aspx,https://www.schooldigger.com/go/WA/schools/0771001221/search.aspx,K,5,Elementary,No,(n/a),No,Yes,Yes,-172,NA,FALSE,NA,NA,NA,NA,NA,TRUE,2015,436,0.63,44.5,14.91,9.63,0.69,0.69,17.89,11.7,NA,30,14.5,194,65,42,3,3,78,51,NA,Elementary,18.42,22.80371
29,34,"47.57404525600003, -122.30301448899996",Kimball,K - 5,Elementary,3200 23rd Ave. S,Seattle,98144,(206) 252-7280,http://kimballes.seattleschools.org/,Kimball,47.57404526,-122.3030145,Kimball,5.31E+11,Kimball Elementary School,https://www.schooldigger.com/go/WA/schools/0771001169/school.aspx,https://www.schooldigger.com/go/WA/schools/0771001169/search.aspx,K,5,Elementary,No,(n/a),No,Yes,Yes,69,NA,FALSE,NA,NA,NA,NA,NA,TRUE,2015,429,0.54,22.61,38.46,9.79,0,1.4,18.65,9.09,NA,31,13.8,97,165,42,0,6,80,39,NA,Elementary,67.33,66.48514
30,35,"47.57298061400007, -122.39027968499994",Madison,8-Jun,Middle School,3429 45th Ave. SW,Seattle,98116,(206) 252-9200,http://madisonms.seattleschools.org/,Madison,47.57298061,-122.3902797,Madison,5.31E+11,Madison Middle School,https://www.schooldigger.com/go/WA/schools/0771001207/school.aspx,https://www.schooldigger.com/go/WA/schools/0771001207/search.aspx,6,8,Middle,No,(n/a),No,No,(n/a),-41,NA,FALSE,NA,NA,NA,NA,NA,TRUE,2015,765,0.3,11.11,11.63,11.63,0.92,0.52,56.99,7.19,NA,37,20.6,85,89,89,7,4,436,55,NA,Middle,74.15,69.54729
31,36,"47.57588767200008, -122.29364639899995",Franklin,12-Sep,High School,3013 S Mount Baker Blvd.,Seattle,98144,(206) 252-6150,http://franklinhs.seattleschools.org/,Franklin,47.57588767,-122.2936464,Franklin,5.31E+11,Franklin High School,https://www.schooldigger.com/go/WA/schools/0771001168/school.aspx,https://www.schooldigger.com/go/WA/schools/0771001168/search.aspx,9,12,High,No,(n/a),No,Yes,Yes,68,NA,FALSE,NA,NA,NA,NA,NA,TRUE,2015,1315,0.67,27.45,53.84,9.05,0.68,0.23,5.86,2.89,NA,65,20.2,361,708,119,9,3,77,38,NA,High,79.08,73.90667
32,38,"47.57714172500005, -122.40782717399998",Alki,K - 5,Elementary,3010 59th Ave SW,Seattle,98116,(206) 252-9050,http://alkies.seattleschools.org/,Alki,47.57714173,-122.4078272,Alki,5.31E+11,Alki Elementary School,https://www.schooldigger.com/go/WA/schools/0771001129/school.aspx,https://www.schooldigger.com/go/WA/schools/0771001129/search.aspx,PK,5,Elementary,No,(n/a),No,No,(n/a),162,NA,FALSE,NA,NA,NA,NA,NA,TRUE,2015,411,0.21,9.98,2.43,7.79,1.22,0,69.83,8.76,NA,21,19.5,41,10,32,5,0,287,36,NA,Elementary,92.12,89.99314
33,39,"47.57949540100003, -122.38723454599995",Lafayette,K - 5,Elementary,2645 California Ave. SW,Seattle,98116,(206) 252-9500,http://lafayettees.seattleschools.org/,Lafayette,47.5794954,-122.3872345,Lafayette,5.31E+11,Lafayette Elementary School,https://www.schooldigger.com/go/WA/schools/0771001195/school.aspx,https://www.schooldigger.com/go/WA/schools/0771001195/search.aspx,K,5,Elementary,No,(n/a),No,No,(n/a),-86,NA,FALSE,NA,NA,NA,NA,NA,TRUE,2015,505,0.23,8.51,7.13,8.32,0.4,0.4,64.95,10.3,NA,32,15.7,43,36,42,2,2,328,52,NA,Elementary,81.77,79.82286
34,40,"47.58546920600003, -122.31510488899994",Beacon Hill Int'l,K - 5,Elementary,2025 14th Ave. S,Seattle,98144,(206) 252-2700,http://beaconhilles.seattleschools.org/,Beacon Hill Int'l,47.58546921,-122.3151049,Beacon+Hill,5.31E+11,Beacon Hill International School,https://www.schooldigger.com/go/WA/schools/0771001140/school.aspx,https://www.schooldigger.com/go/WA/schools/0771001140/search.aspx,K,5,Elementary,No,(n/a),No,Yes,Yes,113,NA,FALSE,NA,NA,NA,NA,NA,TRUE,2015,480,0.57,7.5,28.75,38.75,0.62,0.21,15,9.17,NA,34,14.1,36,138,186,3,1,72,44,NA,Elementary,65.91,65.49043
35,41,"47.59095855000004, -122.29984633199996",Thurgood Marshall,K - 5,Elementary,2401 S Irving St.,Seattle,98144,(206) 252-2800,http://marshalles.seattleschools.org/,Thurgood Marshall,47.59095855,-122.2998463,Thurgood+Marshall,5.31E+11,Thurgood Marshall Elementary,https://www.schooldigger.com/go/WA/schools/0771002347/school.aspx,https://www.schooldigger.com/go/WA/schools/0771002347/search.aspx,PK,5,Elementary,No,(n/a),No,No,(n/a),-2,NA,FALSE,NA,NA,NA,NA,NA,TRUE,2015,511,0.31,18.98,17.81,6.65,0.39,0.2,44.62,11.35,NA,35,14.6,97,91,34,2,1,228,58,NA,Elementary,96.87,93.99571
36,43,"47.60120053400004, -122.31548472099996",Bailey Gatzert,K - 5,Elementary,1301 E Yesler Way,Seattle,98122,(206) 252-2810,http://gatzertes.seattleschools.org/,Bailey Gatzert,47.60120053,-122.3154847,Bailey+Gatzert,5.31E+11,Bailey Gatzert Elementary School,https://www.schooldigger.com/go/WA/schools/0771001173/school.aspx,https://www.schooldigger.com/go/WA/schools/0771001173/search.aspx,PK,5,Elementary,No,(n/a),No,Yes,Yes,126,NA,FALSE,NA,NA,NA,NA,NA,TRUE,2015,347,0.68,55.33,17.87,17.87,0.29,0,3.75,4.9,NA,31,11.1,192,62,62,1,0,13,17,NA,Elementary,23.36,26.97114
37,44,"47.60210319200007, -122.29181362599996",Leschi,K - 5,Elementary,135 32nd Ave.,Seattle,98122,(206) 252-2950,http://leschies.seattleschools.org/,Leschi,47.60210319,-122.2918136,Leschi,5.31E+11,Leschi Elementary School,https://www.schooldigger.com/go/WA/schools/0771001201/school.aspx,https://www.schooldigger.com/go/WA/schools/0771001201/search.aspx,K,5,Elementary,No,(n/a),No,Yes,Yes,131,NA,FALSE,NA,NA,NA,NA,NA,TRUE,2015,384,0.45,47.4,4.95,5.73,0.52,0.26,29.43,11.72,NA,27,14.2,182,19,22,2,1,113,45,NA,Elementary,31.15,33.72543
38,45,"47.60541951400006, -122.30190468799998",Garfield,12-Sep,High School,400 23rd Ave.,Seattle,98122,(206) 252-2270,http://garfieldhs.seattleschools.org/,Garfield,47.60541951,-122.3019047,Garfield,5.31E+11,Garfield High School,https://www.schooldigger.com/go/WA/schools/0771001171/school.aspx,https://www.schooldigger.com/go/WA/schools/0771001171/search.aspx,9,12,High,No,(n/a),No,Yes,No,NA,NA,FALSE,NA,NA,NA,NA,NA,TRUE,2015,1620,0.35,28.02,18.46,8.21,0.62,0.12,38.4,6.17,NA,73,22.1,454,299,133,10,2,622,100,NA,High,86.93,81.0575
39,46,"47.60842417600003, -122.30092570999994",Nova at Mann,12-Sep,Option High School,2410 E Cherry St.,Seattle,98122,(206) 252-3500,http://novahs.seattleschools.org/,Mann,47.60842418,-122.3009257,Nova+at+Mann,5.31E+11,Nova High School,https://www.schooldigger.com/go/WA/schools/0771001226/school.aspx,https://www.schooldigger.com/go/WA/schools/0771001226/search.aspx,9,12,High,No,(n/a),No,No,(n/a),NA,NA,FALSE,NA,NA,NA,NA,NA,FALSE,2015,341,0.27,7.33,7.92,7.62,1.76,0,66.86,8.5,NA,18,18.9,25,27,26,6,0,228,29,NA,High,21.9,30.666
40,47,"47.61223677600003, -122.29086890499997",Madrona K-8,K - 8,Elementary,1121 33rd Ave.,Seattle,98122,(206) 252-3100,http://madronak8.seattleschools.org/,Madrona,47.61223678,-122.2908689,Madrona,5.31E+11,Madrona K-8 School,https://www.schooldigger.com/go/WA/schools/0771001216/school.aspx,https://www.schooldigger.com/go/WA/schools/0771001216/search.aspx,PK,8,Elementary,No,(n/a),No,Yes,Yes,99,NA,FALSE,NA,NA,NA,NA,NA,TRUE,2015,299,0.54,49.5,1,9.03,1.67,0,25.75,13.04,NA,22,13.5,148,3,27,5,0,77,39,NA,Elementary,24.69,27.80122
41,48,"47.61337342100006, -122.30928639899997",Seattle World School,12-Jun,Option,1700 E Union St.,Seattle,98122,(206)252-2200,http://sws.seattleschools.org/,T.T. Minor,47.61337342,-122.3092864,Seattle+World+School,5.31E+11,Seattle World School,https://www.schooldigger.com/go/WA/schools/0771001311/school.aspx,https://www.schooldigger.com/go/WA/schools/0771001311/search.aspx,6,12,Alternative,No,(n/a),No,Yes,Yes,NA,NA,FALSE,NA,NA,NA,NA,NA,FALSE,2015,250,0.76,33.6,31.2,30.4,0,0,3.6,1.2,NA,19,13.1,84,78,76,0,0,9,3,NA,NA,NA,NA
42,50,"47.62442342500003, -122.31837891599997",Lowell,K - 5,Elementary,1058 E Mercer St.,Seattle,98102,(206) 252-3020,http://lowelles.seattleschools.org/,Lowell,47.62442343,-122.3183789,Lowell,5.31E+11,Lowell Elementary School - Seattle,https://www.schooldigger.com/go/WA/schools/0771001205/school.aspx,https://www.schooldigger.com/go/WA/schools/0771001205/search.aspx,PK,5,Elementary,No,(n/a),No,Yes,Yes,117,NA,FALSE,NA,NA,NA,NA,NA,TRUE,2015,286,0.45,29.02,12.24,8.04,1.05,0.35,36.71,12.59,NA,24,11.9,83,35,23,3,1,105,36,NA,Elementary,21.46,25.74257
43,51,"47.63145623100007, -122.30786488499996",Stevens,K - 5,Elementary,1242 18th Ave. E,Seattle,98112,(206) 252-3400,http://stevenses.seattleschools.org/,Stevens,47.63145623,-122.3078649,Stevens,5.31E+11,Stevens Elementary School,https://www.schooldigger.com/go/WA/schools/0771001251/school.aspx,https://www.schooldigger.com/go/WA/schools/0771001251/search.aspx,K,5,Elementary,No,(n/a),No,Yes,Yes,-306,NA,FALSE,NA,NA,NA,NA,NA,TRUE,2015,365,0.34,20.82,5.48,9.32,0.82,0,52.88,10.68,NA,30,12.1,76,20,34,3,0,193,39,NA,Elementary,35.14,38.37371
44,53,"47.632898485000055, -122.35171657999996",Hay,K - 5,Elementary,201 Garfield St.,Seattle,98109,(206) 252-2100,http://hayes.seattleschools.org/,John Hay,47.63289849,-122.3517166,Hay,5.31E+11,John Hay Elementary School,https://www.schooldigger.com/go/WA/schools/0771001192/school.aspx,https://www.schooldigger.com/go/WA/schools/0771001192/search.aspx,K,5,Elementary,No,(n/a),No,No,(n/a),-64,NA,FALSE,NA,NA,NA,NA,NA,TRUE,2015,520,0.12,3.65,14.04,9.42,0,0,60.58,12.31,NA,35,14.8,19,73,49,0,0,315,64,NA,Elementary,91.64,89.57214
45,54,"47.63407775100006, -122.28483179199998",McGilvra,K - 5,Elementary,1617 38th Ave. E.,Seattle,98112,(206) 252-3160,http://mcgilvraes.seattleschools.org/,McGilvra,47.63407775,-122.2848318,McGilvra,5.31E+11,McGilvra Elementary School,https://www.schooldigger.com/go/WA/schools/0771001214/school.aspx,https://www.schooldigger.com/go/WA/schools/0771001214/search.aspx,K,5,Elementary,No,(n/a),No,No,(n/a),-7,NA,FALSE,NA,NA,NA,NA,NA,TRUE,2015,286,0.1,9.79,10.84,5.24,0,0,62.59,11.54,NA,20,14.3,28,31,15,0,0,179,33,NA,Elementary,89.36,87.15543
46,55,"47.63682628500004, -122.35895523099998",McClure,8-Jun,Middle School,1915 1st Ave. W,Seattle,98119,(206) 252-1900,http://mcclurems.seattleschools.org/,McClure,47.63682629,-122.3589552,McClure,5.31E+11,McClure Middle School,https://www.schooldigger.com/go/WA/schools/0771001212/school.aspx,https://www.schooldigger.com/go/WA/schools/0771001212/search.aspx,6,8,Middle,No,(n/a),No,No,(n/a),18,NA,FALSE,NA,NA,NA,NA,NA,TRUE,2015,540,0.16,5.37,9.63,10.56,1.11,0.19,66.48,6.67,NA,29,18.6,29,52,57,6,1,359,36,NA,Middle,83.45,79.52286
47,56,"47.63796374100008, -122.34896919299996",Queen Anne,K - 5,Option Elementary,411 Boston St.,Seattle,98109,(206) 252-2480,http://queenannees.seattleschools.org/,Queen Anne,47.63796374,-122.3489692,Queen+Anne,5.31E+11,Queen Anne Elementary,https://www.schooldigger.com/go/WA/schools/0771003318/school.aspx,https://www.schooldigger.com/go/WA/schools/0771003318/search.aspx,K,5,Elementary,No,(n/a),No,No,(n/a),293,NA,FALSE,NA,NA,NA,NA,NA,TRUE,2015,399,0.08,2.01,6.27,8.02,0,0.25,69.92,13.53,NA,23,17.3,8,25,32,0,1,279,54,NA,Elementary,87.46,85.934
48,57,"47.640632638000056, -122.30428420299995",Montlake,K - 5,Elementary,2409 22nd Ave. E.,Seattle,98112,(206) 252-3300,http://montlakees.seattleschools.org/,Montlake,47.64063264,-122.3042842,Montlake,5.31E+11,Montlake Elementary School,https://www.schooldigger.com/go/WA/schools/0771001219/school.aspx,https://www.schooldigger.com/go/WA/schools/0771001219/search.aspx,K,5,Elementary,No,(n/a),No,No,(n/a),76,NA,FALSE,NA,NA,NA,NA,NA,TRUE,2015,251,0.06,7.17,8.76,4.78,0.4,0.4,66.93,11.55,NA,17,14.7,18,22,12,1,1,168,29,NA,Elementary,93.45,91.30783
49,58,"47.64051598800006, -122.36559910799997",Coe,K - 5,Elementary,2424 7th Ave. W,Seattle,98119,(206) 252-2000,http://coees.seattleschools.org/,Frantz Coe,47.64051599,-122.3655991,Coe,5.31E+11,Frantz Coe Elementary School,https://www.schooldigger.com/go/WA/schools/0771001151/school.aspx,https://www.schooldigger.com/go/WA/schools/0771001151/search.aspx,K,5,Elementary,No,(n/a),No,No,(n/a),-37,NA,FALSE,NA,NA,NA,NA,NA,TRUE,2015,502,0.16,2.99,6.77,12.35,0.2,0.4,71.71,5.58,NA,34,14.7,15,34,62,1,2,360,28,NA,Elementary,92.97,91.17229
50,60,"47.642286858000034, -122.32417847199997",TOPS K-8,K - 8,Option Elementary,2500  Franklin Ave. E,Seattle,98102,(206) 252-3510,http://www.topsk8.org/,Seward,47.64228686,-122.3241785,TOPS,5.31E+11,Tops K-8 School,https://www.schooldigger.com/go/WA/schools/0771001307/school.aspx,https://www.schooldigger.com/go/WA/schools/0771001307/search.aspx,PK,8,Elementary,No,(n/a),No,No,(n/a),346,NA,FALSE,NA,NA,NA,NA,NA,FALSE,2015,502,0.32,16.73,20.32,6.77,0.6,0.2,48.01,7.37,NA,29,17.3,84,102,34,3,1,241,37,NA,Elementary,78.73,77.178
51,62,"47.65708003100008, -122.33802753599997",Hamilton Int'l,8-Jun,Middle School,1610 N 41st St.,Seattle,98103,(206) 252-5810,http://hamiltonms.seattleschools.org/,Hamilton Int'l,47.65708003,-122.3380275,Hamilton,5.31E+11,Hamilton International Middle School,https://www.schooldigger.com/go/WA/schools/0771001180/school.aspx,https://www.schooldigger.com/go/WA/schools/0771001180/search.aspx,6,8,Middle,No,(n/a),No,No,(n/a),11,NA,FALSE,NA,NA,NA,NA,NA,TRUE,2015,945,0.09,2.22,8.99,6.35,0.32,0,74.81,7.3,NA,48,19.6,21,85,60,3,0,707,69,NA,Middle,93.42,91.46629
52,63,"47.657528256000035, -122.32405186999995",John Stanford Int'l,K - 5,Option Elementary,4057 5th Ave. NE,Seattle,98105,(206) 252-6080,http://stanfordes.seattleschools.org/,John Stanford Int'l,47.65752826,-122.3240519,John+Stanford,5.31E+11,John Stanford International School,https://www.schooldigger.com/go/WA/schools/0771001197/school.aspx,https://www.schooldigger.com/go/WA/schools/0771001197/search.aspx,K,5,Elementary,No,(n/a),No,No,(n/a),15,NA,FALSE,NA,NA,NA,NA,NA,TRUE,2015,469,0.08,0.85,10.87,13.22,0.85,0,56.93,17.27,NA,27,17.3,4,51,62,4,0,267,81,NA,Elementary,97.06,94.29325
53,64,"47.656712406000054, -122.39047452099999",Lawton,K - 5,Elementary,4000 27th Ave. W.,Seattle,98199,(206) 252-2130,http://lawtonelementary.org/,Lawton,47.65671241,-122.3904745,Lawton,5.31E+11,Lawton Elementary School,https://www.schooldigger.com/go/WA/schools/0771001199/school.aspx,https://www.schooldigger.com/go/WA/schools/0771001199/search.aspx,K,5,Elementary,No,(n/a),No,No,(n/a),62,NA,FALSE,NA,NA,NA,NA,NA,TRUE,2015,419,0.11,1.91,5.73,6.92,0.24,0.24,72.08,12.89,NA,24,17.4,8,24,29,1,1,302,54,NA,Elementary,96.11,93.21257
54,66,"47.662198035000074, -122.27796307499995",Laurelhurst,K - 5,Elementary,4530 46th Ave. NE,Seattle,98105,(206) 252-5400,http://laurelhurstes.seattleschools.org/,Laurelhurst,47.66219804,-122.2779631,Laurelhurst,5.31E+11,Laurelhurst Elementary School,https://www.schooldigger.com/go/WA/schools/0771001198/school.aspx,https://www.schooldigger.com/go/WA/schools/0771001198/search.aspx,K,5,Elementary,No,(n/a),No,No,(n/a),12,NA,FALSE,NA,NA,NA,NA,NA,TRUE,2015,422,0.17,3.79,11.37,4.03,0,0,71.8,9,NA,27,15.6,16,48,17,0,0,303,38,NA,Elementary,86.23,84.454
55,67,"47.668275608000044, -122.32659538599995",McDonald Int'l,K - 5,Option Elementary,144 NE 54th St.,Seattle,98105,(206)252-2900,http://mcdonaldes.seattleschools.org/,McDonald Int'l,47.66827561,-122.3265954,McDonald,5.31E+11,McDonald International School,https://www.schooldigger.com/go/WA/schools/0771003332/school.aspx,https://www.schooldigger.com/go/WA/schools/0771003332/search.aspx,K,5,Elementary,No,(n/a),No,No,(n/a),39,NA,FALSE,NA,NA,NA,NA,NA,TRUE,2015,408,0.06,0.49,4.66,11.76,0,0,67.89,15.2,NA,24,17,2,19,48,0,0,277,62,NA,Elementary,96.2,93.33857
56,68,"47.67059930500005, -122.36224678099995",West Woodland,K - 5,Elementary,5601 4th Ave. NW,Seattle,98107,(206) 252-1600,http://www.westwoodlandes.seattleschools.org/,West Woodland,47.67059931,-122.3622468,West+Woodland,5.31E+11,West Woodland Elementary School,https://www.schooldigger.com/go/WA/schools/0771001263/school.aspx,https://www.schooldigger.com/go/WA/schools/0771001263/search.aspx,K,5,Elementary,No,(n/a),No,No,(n/a),-12,NA,FALSE,NA,NA,NA,NA,NA,TRUE,2015,520,0.08,2.12,5.77,6.35,0,0,76.54,9.23,NA,33,15.7,11,30,33,0,0,398,48,NA,Elementary,98.29,96.23971
57,69,"47.67184194400005, -122.29220552399994",Bryant,K - 5,Elementary,3311 NE 60th St.,Seattle,98115,(206) 252-5200,http://bryantes.seattleschools.org/,Bryant,47.67184194,-122.2922055,Bryant,5.31E+11,Bryant Elementary School,https://www.schooldigger.com/go/WA/schools/0771001146/school.aspx,https://www.schooldigger.com/go/WA/schools/0771001146/search.aspx,K,5,Elementary,No,(n/a),No,No,(n/a),10,NA,FALSE,NA,NA,NA,NA,NA,TRUE,2015,589,0.05,1.02,7.13,6.11,0.17,0.17,74.7,10.7,NA,33,17.8,6,42,36,1,1,440,63,NA,Elementary,98.48,96.2982
58,70,"47.673632146000045, -122.39151960199996",Adams,K - 5,Elementary,6110 28th Ave NW,Seattle,98107,(206) 252-1300,http://adamses.seattleschools.org/,Adams,47.67363215,-122.3915196,Adams,5.31E+11,Adams Elementary School,https://www.schooldigger.com/go/WA/schools/0771001127/school.aspx,https://www.schooldigger.com/go/WA/schools/0771001127/search.aspx,K,5,Elementary,No,(n/a),No,No,(n/a),48,NA,FALSE,NA,NA,NA,NA,NA,TRUE,2015,536,0.18,4.48,4.1,12.31,0.37,0.19,68.47,10.07,NA,32,16.7,24,22,66,2,1,367,54,NA,Elementary,82.43,80.36686
59,71,"47.67630161000005, -122.32849785799999",Green Lake,K - 5,Elementary,2400 N 65th St.,Seattle,98103,(206) 252-5320,http://www.greenlakedragons.org/,Green Lake,47.67630161,-122.3284979,Green+Lake,5.31E+11,Green Lake Elementary School,https://www.schooldigger.com/go/WA/schools/0771001176/school.aspx,https://www.schooldigger.com/go/WA/schools/0771001176/search.aspx,PK,5,Elementary,No,(n/a),No,No,(n/a),-143,NA,FALSE,NA,NA,NA,NA,NA,TRUE,2015,301,0.15,2.66,4.32,5.98,0.33,0,77.74,8.97,NA,21,14.3,8,13,18,1,0,234,27,NA,Elementary,68.85,68.00086
60,72,"47.677231394000046, -122.31280953499999",Roosevelt,12-Sep,High School,1410 NE 66th St.,Seattle,98115,(206) 252-4810,http://roosevelths.seattleschools.org/,Roosevelt,47.67723139,-122.3128095,Roosevelt,5.31E+11,Roosevelt High School,https://www.schooldigger.com/go/WA/schools/0771001239/school.aspx,https://www.schooldigger.com/go/WA/schools/0771001239/search.aspx,9,12,High,No,(n/a),No,No,(n/a),89,NA,FALSE,NA,NA,NA,NA,NA,TRUE,2015,1721,0.13,4.53,12.26,9.53,0.64,0.06,66.71,6.28,NA,84,20.4,78,211,164,11,1,1148,108,NA,High,98.04,92.06767
61,73,"47.67724814300004, -122.32231534799996",Loyal Heights (interim at John Marshall),K - 5,Elementary,520 NE Ravenna Blvd.,Seattle,98115,(206)252-3580,http://loyalheightses.seattleschools.org/,John Marshall,47.67724814,-122.3223153,Loyal+Heights,5.31E+11,Loyal Heights Elementary School,https://www.schooldigger.com/go/WA/schools/0771001206/school.aspx,https://www.schooldigger.com/go/WA/schools/0771001206/search.aspx,K,5,Elementary,No,(n/a),No,No,(n/a),15,NA,FALSE,NA,NA,NA,NA,NA,TRUE,2015,450,0.08,2.44,1.56,4.67,0,0,81.78,9.56,NA,26,17.3,11,7,21,0,0,368,43,NA,Elementary,97.15,94.4992
62,74,"47.676610769000035, -122.37488866899997",Ballard,12-Sep,High School,1418 NW 65th St.,Seattle,98117,(206) 252-1000,http://ballardhs.seattleschools.org/,Ballard,47.67661077,-122.3748887,Ballard,5.31E+11,Ballard High School,https://www.schooldigger.com/go/WA/schools/0771001138/school.aspx,https://www.schooldigger.com/go/WA/schools/0771001138/search.aspx,9,12,High,No,(n/a),No,No,(n/a),NA,NA,FALSE,NA,NA,NA,NA,NA,TRUE,2015,1669,0.16,4.49,7.01,10.31,1.08,0.36,71.84,4.91,NA,79,21.1,75,117,172,18,6,1199,82,NA,High,60.13,62.09433
63,76,"47.68068710700004, -122.27533216899997",View Ridge,K - 5,Elementary,7047 50th Ave. NE,Seattle,98115,(206) 252-5600,http://viewridgees.seattleschools.org/,View Ridge,47.68068711,-122.2753322,View+Ridge,5.31E+11,View Ridge Elementary School,https://www.schooldigger.com/go/WA/schools/0771001256/school.aspx,https://www.schooldigger.com/go/WA/schools/0771001256/search.aspx,PK,5,Elementary,No,(n/a),No,No,(n/a),17,NA,FALSE,NA,NA,NA,NA,NA,TRUE,2015,584,0.06,1.37,10.45,6.51,0.51,0.17,69.18,11.82,NA,38,15.3,8,61,38,3,1,404,69,NA,Elementary,97.72,95.459
64,77,"47.68252010600003, -122.29498266199994",Eckstein,8-Jun,Middle School,3003 NE 75th St.,Seattle,98115,(206) 252-5010,http://ecksteinms.seattleschools.org/,Eckstein,47.68252011,-122.2949827,Eckstein,5.31E+11,Eckstein Middle School,https://www.schooldigger.com/go/WA/schools/0771001162/school.aspx,https://www.schooldigger.com/go/WA/schools/0771001162/search.aspx,6,8,Middle,No,(n/a),No,No,(n/a),-3,NA,FALSE,NA,NA,NA,NA,NA,TRUE,2015,882,0.15,5.33,11.22,7.14,0.45,0.23,67.35,8.28,NA,44,20,47,99,63,4,2,594,73,NA,Middle,92.29,90.35186
65,78,"47.68358982400008, -122.37307537899994",Whittier,K - 5,Elementary,1320 NW 75th St.,Seattle,98117,(206) 252-1650,http://whittieres.seattleschools.org/,Whittier,47.68358982,-122.3730754,Whittier,5.31E+11,Whittier Elementary School,https://www.schooldigger.com/go/WA/schools/0771001265/school.aspx,https://www.schooldigger.com/go/WA/schools/0771001265/search.aspx,K,5,Elementary,No,(n/a),No,No,(n/a),-22,NA,FALSE,NA,NA,NA,NA,NA,TRUE,2015,466,0.1,2.58,6.01,4.29,0,0,78.11,9.01,NA,27,17.2,12,28,20,0,0,364,42,NA,Elementary,92.21,90.00586
66,79,"47.685032902000046, -122.28266756199997",Thornton Creek,K - 5,Option Elementary,7711 43rd Ave. NE,Seattle,98115,(206) 252-5300,http://thorntoncreek.org/,Thornton Creek,47.6850329,-122.2826676,Thornton+Creek,5.31E+11,Thornton Creek Elementary School,https://www.schooldigger.com/go/WA/schools/0771001253/school.aspx,https://www.schooldigger.com/go/WA/schools/0771001253/search.aspx,PK,5,Elementary,No,(n/a),No,No,(n/a),247,NA,FALSE,NA,NA,NA,NA,NA,FALSE,2015,401,0.08,1.75,4.24,6.48,0.25,0,73.57,13.72,NA,28,14.3,7,17,26,1,0,295,55,NA,Elementary,44.54,45.92871
67,80,"47.686357067000074, -122.34230487199994",Bagley,K - 5,Elementary,7821 Stone Ave. N,Seattle,98103,(206) 252-5110,http://bagleyes.seattleschools.org/home,Bagley,47.68635707,-122.3423049,Bagley,5.31E+11,Daniel Bagley Elementary School,https://www.schooldigger.com/go/WA/schools/0771001137/school.aspx,https://www.schooldigger.com/go/WA/schools/0771001137/search.aspx,K,5,Elementary,No,(n/a),No,No,(n/a),-5,NA,FALSE,NA,NA,NA,NA,NA,TRUE,2015,426,0.15,4.46,9.15,7.28,0,0,68.08,11.03,NA,28,15.2,19,39,31,0,0,290,47,NA,Elementary,86.8,85.11214
68,82,"47.687253895000026, -122.35996029999995",Greenwood,K - 5,Elementary,144 NW 80th St.,Seattle,98117,(206) 252-1400,http://greenwoodes.seattleschools.org/,Greenwood,47.6872539,-122.3599603,Greenwood,5.31E+11,Greenwood Elementary School,https://www.schooldigger.com/go/WA/schools/0771001177/school.aspx,https://www.schooldigger.com/go/WA/schools/0771001177/search.aspx,PK,5,Elementary,No,(n/a),No,No,(n/a),-57,NA,FALSE,NA,NA,NA,NA,NA,TRUE,2015,389,0.18,6.94,6.43,10.8,0.51,0.51,66.58,8.23,NA,22,17.6,27,25,42,2,2,259,32,NA,Elementary,83.57,81.39171
69,83,"47.69053804600003, -122.29705381699995",Wedgwood,K - 5,Elementary,2720 NE 85th St.,Seattle,98115,(206) 252-5670,http://wedgwoodes.seattleschools.org/,Wedgwood,47.69053805,-122.2970538,Wedgwood,5.31E+11,Wedgwood Elementary School,https://www.schooldigger.com/go/WA/schools/0771001261/school.aspx,https://www.schooldigger.com/go/WA/schools/0771001261/search.aspx,K,5,Elementary,No,(n/a),No,No,(n/a),11,NA,FALSE,NA,NA,NA,NA,NA,TRUE,2015,460,0.09,1.74,16.74,8.04,0,0,59.35,14.13,NA,30,15.3,8,77,37,0,0,273,65,NA,Elementary,98.96,96.71017
70,84,"47.694974512000044, -122.38703549999997",North Beach,K - 5,Elementary,9018 24th Ave. NW,Seattle,98117,(206) 252-1510,http://northbeaches.seattleschools.org/,North Beach,47.69497451,-122.3870355,North+Beach,5.31E+11,North Beach Elementary School,https://www.schooldigger.com/go/WA/schools/0771001223/school.aspx,https://www.schooldigger.com/go/WA/schools/0771001223/search.aspx,K,5,Elementary,No,(n/a),No,No,(n/a),-85,NA,FALSE,NA,NA,NA,NA,NA,TRUE,2015,300,0.09,2,4.67,7,0.33,0.67,70.67,14.67,NA,21,14.2,6,14,21,1,2,212,44,NA,Elementary,88.6,86.70314
71,85,"47.69675145200006, -122.37760192299999",Whitman,8-Jun,Middle School,9201 15th Ave. NW,Seattle,98117,(206) 252-1200,http://whitmanms.seattleschools.org/,Whitman,47.69675145,-122.3776019,Whitman,5.31E+11,Whitman Middle School,https://www.schooldigger.com/go/WA/schools/0771001264/school.aspx,https://www.schooldigger.com/go/WA/schools/0771001264/search.aspx,K,8,Elementary,No,(n/a),No,No,(n/a),NA,NA,FALSE,NA,NA,NA,NA,NA,TRUE,2015,906,0.26,8.94,7.51,12.47,1.32,0.22,60.82,8.72,NA,46,19.6,81,68,113,12,2,551,79,NA,NA,NA,NA
72,86,"47.69823172200006, -122.32125786999995",Olympic View,K - 5,Elementary,504 NE 95th St.,Seattle,98115,(206) 252-5500,http://olympicviewes.seattleschools.org/,Olympic View,47.69823172,-122.3212579,Olympic+View,5.31E+11,Olympic View Elementary School,https://www.schooldigger.com/go/WA/schools/0771001229/school.aspx,https://www.schooldigger.com/go/WA/schools/0771001229/search.aspx,K,5,Elementary,No,(n/a),No,Yes,No,53,NA,FALSE,NA,NA,NA,NA,NA,TRUE,2015,457,0.33,12.25,13.35,10.5,0.66,0.66,51.2,11.38,NA,29,15.7,56,61,48,3,3,234,52,NA,Elementary,81.67,79.78186
73,87,"47.698448545000076, -122.30747272299999",Sacajawea,K - 5,Elementary,9501 20th Ave. NE,Seattle,98115,(206) 252-5550,http://sacajaweaes.seattleschools.org/,Sacajawea,47.69844855,-122.3074727,Sacajawea,5.31E+11,Sacajawea Elementary School,https://www.schooldigger.com/go/WA/schools/0771001242/school.aspx,https://www.schooldigger.com/go/WA/schools/0771001242/search.aspx,K,5,Elementary,No,(n/a),No,No,(n/a),-190,NA,FALSE,NA,NA,NA,NA,NA,TRUE,2015,266,0.27,9.02,9.4,11.28,0,0,60.53,9.77,NA,20,13.3,24,25,30,0,0,161,26,NA,Elementary,38.08,40.61914
74,89,"47.70597281600004, -122.36112944499996",Viewlands,K - 5,Elementary,10525 3rd Ave. NW,Seattle,98177,(206) 252-4400,http://viewlandses.seattleschools.org/,Viewlands,47.70597282,-122.3611294,Viewlands,5.31E+11,Viewlands Elementary School,https://www.schooldigger.com/go/WA/schools/0771003356/school.aspx,https://www.schooldigger.com/go/WA/schools/0771003356/search.aspx,PK,5,Elementary,No,(n/a),No,Yes,Yes,-220,NA,FALSE,NA,NA,NA,NA,NA,TRUE,2015,363,0.49,10.47,9.09,21.49,1.38,0,46.28,11.29,NA,28,12.9,38,33,78,5,0,168,41,NA,Elementary,33.33,35.93929
75,90,"47.70742643500006, -122.28463372999994",John Rogers,K - 5,Elementary,4030 NE 109th St.,Seattle,98125,(206) 252-4320,http://rogerses.seattleschools.org/,John Rogers,47.70742644,-122.2846337,John+Rogers,5.31E+11,John Rogers Elementary School,https://www.schooldigger.com/go/WA/schools/0771001193/school.aspx,https://www.schooldigger.com/go/WA/schools/0771001193/search.aspx,K,5,Elementary,No,(n/a),No,Yes,Yes,-30,NA,FALSE,NA,NA,NA,NA,NA,TRUE,2015,352,0.38,11.93,8.52,14.77,0,0.57,52.27,11.93,NA,25,14,42,30,52,0,2,184,42,NA,Elementary,63.06,63.494
76,91,"47.70762860900004, -122.29453073299999",Nathan Hale,12-Sep,High School,10750 30th Ave. NE,Seattle,98125,(206) 252-3680,http://halehs.seattleschools.org/,Nathan Hale,47.70762861,-122.2945307,Nathan+Hale,5.31E+11,Nathan Hale High School,https://www.schooldigger.com/go/WA/schools/0771001222/school.aspx,https://www.schooldigger.com/go/WA/schools/0771001222/search.aspx,9,12,High,No,(n/a),No,No,(n/a),NA,NA,FALSE,NA,NA,NA,NA,NA,TRUE,2015,1165,0.29,12.96,13.3,11.5,1.37,0.34,53.73,6.78,NA,60,19.4,151,155,134,16,4,626,79,NA,High,88.89,82.1255
77,92,"47.714867164000054, -122.32958504599998",Northgate,K - 5,Elementary,11725 1st Ave. NE,Seattle,98125,(206) 252-4180,http://northgatees.seattleschools.org/,Northgate,47.71486716,-122.329585,Northgate,5.31E+11,Northgate Elementary School,https://www.schooldigger.com/go/WA/schools/0771001225/school.aspx,https://www.schooldigger.com/go/WA/schools/0771001225/search.aspx,PK,5,Elementary,No,(n/a),No,Yes,Yes,-46,NA,FALSE,NA,NA,NA,NA,NA,TRUE,2015,207,0.76,22.22,7.25,35.75,0.48,2.42,19.32,12.56,NA,18,11.5,46,15,74,1,5,40,26,NA,Elementary,16.52,20.96557
78,95,"47.72581399900008, -122.28753061799995",Olympic Hills (interim at Cedar Park),K - 5,Elementary,13224 37th Ave. NE,Seattle,98125,(206) 252-4300,http://olympichillses.seattleschools.org/,Cedar Park,47.725814,-122.2875306,Olympic+Hills,5.31E+11,Olympic Hills Elementary School,https://www.schooldigger.com/go/WA/schools/0771001228/school.aspx,https://www.schooldigger.com/go/WA/schools/0771001228/search.aspx,PK,5,Elementary,No,(n/a),No,Yes,Yes,70,NA,FALSE,NA,NA,NA,NA,NA,TRUE,2015,298,0.66,25.5,14.77,25.5,0.67,2.35,21.48,9.73,NA,25,11.9,76,44,76,2,7,64,29,NA,Elementary,89.84,87.70329
79,96,"47.72569939400006, -122.33683812599998",Ingraham Int'l,12-Sep,High School,1819 N 135th St.,Seattle,98133,(206) 252-3880,http://ingrahamhs.seattleschools.org/,Ingraham Int'l,47.72569939,-122.3368381,Ingraham,5.31E+11,Ingraham High School,https://www.schooldigger.com/go/WA/schools/0771001187/school.aspx,https://www.schooldigger.com/go/WA/schools/0771001187/search.aspx,9,12,High,No,(n/a),No,No,(n/a),NA,NA,FALSE,NA,NA,NA,NA,NA,TRUE,2015,1214,0.28,9.06,16.89,11.37,0.74,0.16,55.44,6.34,NA,59,20.5,110,205,138,9,2,673,77,NA,High,87.91,81.295
80,97,"47.673651549000056, -122.26293322199996",Sand Point,K - 5,Elementary,6208 60th Ave. NE,Seattle,98115,(206) 252-4640,http://sandpointes.seattleschools.org/,Sand Point,47.67365155,-122.2629332,Sand+Point,5.31E+11,Sand Point Elementary,https://www.schooldigger.com/go/WA/schools/0771003316/school.aspx,https://www.schooldigger.com/go/WA/schools/0771003316/search.aspx,K,5,Elementary,No,(n/a),No,Yes,Yes,217,NA,FALSE,NA,NA,NA,NA,NA,TRUE,2015,271,0.38,16.61,18.08,12.92,0,0,36.16,16.24,NA,22,12.3,45,49,35,0,0,98,44,NA,Elementary,60.87,60.90771
81,104,"47.56360478600004, -122.35799712399995",Pathfinder K-8,K - 8,Option Elementary,1901 SW Genesee St.,Seattle,98106,(206) 252-9710,http://pathfinderk8.seattleschools.org/,Pathfinder,47.56360479,-122.3579971,Pathfinder,5.31E+11,Pathfinder K-8 School,https://www.schooldigger.com/go/WA/schools/0771001102/school.aspx,https://www.schooldigger.com/go/WA/schools/0771001102/search.aspx,K,8,Elementary,No,(n/a),No,No,(n/a),-130,NA,FALSE,NA,NA,NA,NA,NA,FALSE,2015,506,0.21,5.14,6.32,10.87,0.99,0,65.81,10.87,NA,35,14.4,26,32,55,5,0,333,55,NA,Elementary,60.3,60.402
82,105,"47.64225735800005, -122.39926242999996",Catharine Blaine K-8,K - 8,Elementary,2550 34th Ave. W,Seattle,98199,(206) 252-1920,http://blainek8.seattleschools.org/,Catharine Blaine,47.64225736,-122.3992624,Catharine+Blaine,5.31E+11,Catharine Blaine K-8 School,https://www.schooldigger.com/go/WA/schools/0771002017/school.aspx,https://www.schooldigger.com/go/WA/schools/0771002017/search.aspx,K,8,Elementary,No,(n/a),No,No,(n/a),13,NA,FALSE,NA,NA,NA,NA,NA,TRUE,2015,680,0.07,2.21,5,5.29,0.29,0.29,73.82,13.09,NA,36,18.8,15,34,36,2,2,502,89,NA,Elementary,94.49,91.84122
83,106,"47.55477872700004, -122.27595641799996",Orca K-8,K - 8,Option Elementary,5215 46th Ave. S,Seattle,98118,(206) 252-6900,http://orcak8.seattleschools.org/,Orca,47.55477873,-122.2759564,Orca,5.31E+11,Orca K-8 School,https://www.schooldigger.com/go/WA/schools/0771002231/school.aspx,https://www.schooldigger.com/go/WA/schools/0771002231/search.aspx,K,8,Elementary,No,(n/a),No,No,(n/a),183,NA,FALSE,NA,NA,NA,NA,NA,FALSE,2015,476,0.28,20.8,6.3,7.98,0.42,0,51.26,13.24,NA,28,17,99,30,38,2,0,244,63,NA,Elementary,41.5,43.155
84,109,"47.676297412000054, -122.38051207599995",Salmon Bay K-8,K - 8,Option Elementary,1810 NW 65th St.,Seattle,98117,(206) 252-1720,http://salmonbayk8.seattleschools.org/,Salmon Bay,47.67629741,-122.3805121,Salmon+Bay,5.31E+11,Salmon Bay K-8 School,https://www.schooldigger.com/go/WA/schools/0771002716/school.aspx,https://www.schooldigger.com/go/WA/schools/0771002716/search.aspx,K,8,Elementary,No,(n/a),No,No,(n/a),161,NA,FALSE,NA,NA,NA,NA,NA,FALSE,2015,673,0.09,1.34,4.46,7.58,0.59,0,77.27,8.77,NA,39,17.2,9,30,51,4,0,520,59,NA,Elementary,67.43,66.62811
85,111,"47.72463110900003, -122.35314866899995",Broadview-Thomson,K - 8,Elementary,13052 Greenwood Ave. N,Seattle,98133,(206) 252-4080,http://broadviewk8.seattleschools.org/,Broadview-Thomson,47.72463111,-122.3531487,Broadview-Thomson,5.31E+11,Broadview-Thomson K-8 School,https://www.schooldigger.com/go/WA/schools/0771001145/school.aspx,https://www.schooldigger.com/go/WA/schools/0771001145/search.aspx,PK,8,Elementary,No,(n/a),No,Yes,Yes,-160,NA,FALSE,NA,NA,NA,NA,NA,TRUE,2015,683,0.57,22.84,10.83,22.84,1.02,0.29,32.5,9.66,NA,52,13.1,156,74,156,7,2,222,66,NA,Elementary,38.27,40.92378
86,112,"47.646275066000044, -122.35861918599994",Cascade,K - 12,Service School,2919 1st Ave. W,Seattle,98119,(206)743-3900,http://cppp.seattleschools.org/home,Cascade,47.64627507,-122.3586192,Cascade,5.30E+11,Cascade Middle School,https://www.schooldigger.com/go/WA/schools/0354000522/school.aspx,https://www.schooldigger.com/go/WA/schools/0354000522/search.aspx,7,8,Middle,No,(n/a),No,Yes,Yes,39,NA,FALSE,NA,NA,NA,NA,NA,TRUE,2015,583,0.83,13.21,22.64,44.08,1.89,4.8,7.55,5.83,NA,34,17.1,77,132,257,11,28,44,34,NA,Middle,24.94,26.615
87,113,"47.659961777000035, -122.33962244899999",Licton Springs K-8 (interim at Lincoln),K - 8,Elementary,4400 Interlake Ave. N,Seattle,98103,(206)252-6000,http://lictonspringsk8.seattleschools.org/,Lincoln,47.65996178,-122.3396224,Licton+Springs,5.31E+11,Licton Springs K-8,https://www.schooldigger.com/go/WA/schools/0771001132/school.aspx,https://www.schooldigger.com/go/WA/schools/0771001132/search.aspx,PK,8,Elementary,No,(n/a),No,Yes,Yes,-212,NA,FALSE,NA,NA,NA,NA,NA,FALSE,2015,116,0.56,10.34,6.03,12.07,7.76,1.72,46.55,15.52,NA,12,9.6,12,7,14,9,2,54,18,NA,Elementary,5.51,9.52138
88,116,"47.62207926200006, -122.35398171899999",Center School,12-Sep,Option High School,305 Harrison St.,Seattle,98109,(206) 252-9850,http://centerhs.seattleschools.org/,Center School,47.62207926,-122.3539817,Center+School,5.31E+11,The Center School,https://www.schooldigger.com/go/WA/schools/0771002842/school.aspx,https://www.schooldigger.com/go/WA/schools/0771002842/search.aspx,9,12,High,No,(n/a),No,No,(n/a),NA,NA,FALSE,NA,NA,NA,NA,NA,TRUE,2015,275,0.17,5.45,5.82,8.36,0.73,0,73.45,6.18,NA,14,19.6,15,16,23,2,0,202,17,NA,High,95.75,90.1475
